{
    "root_group": {
        "path": "",
        "id": "d41d8cd98f00b204e9800998ecf8427e",
        "groups": {},
        "checks": {
                "status is 200": {
                    "name": "status is 200",
                    "path": "::status is 200",
                    "id": "6210a8cd14cd70477eba5c5e4cb3fb5f",
                    "passes": 6536,
                    "fails": 0
                }
            },
        "name": ""
    },
    "metrics": {
        "data_received": {
            "rate": 54397.98031342314,
            "count": 3275676
        },
        "http_req_sending": {
            "avg": 0.020776927784578025,
            "min": 0.002,
            "med": 0.017,
            "max": 3.182,
            "p(90)": 0.026,
            "p(95)": 0.034
        },
        "http_req_waiting": {
            "med": 64.63,
            "max": 401.554,
            "p(90)": 171.6475,
            "p(95)": 197.90449999999998,
            "avg": 81.00919063647477,
            "min": 6.641
        },
        "http_req_connecting": {
            "avg": 0.008269277845777233,
            "min": 0,
            "med": 0,
            "max": 11.001,
            "p(90)": 0,
            "p(95)": 0
        },
        "iteration_duration": {
            "p(90)": 277.77475,
            "p(95)": 304.23709375,
            "avg": 183.99207748378194,
            "min": 107.092042,
            "med": 166.758479,
            "max": 502.636209
        },
        "http_req_failed": {
            "passes": 0,
            "fails": 6536,
            "value": 0
        },
        "checks": {
            "passes": 6536,
            "fails": 0,
            "value": 1
        },
        "iterations": {
            "count": 6536,
            "rate": 108.54101545101948
        },
        "http_req_duration": {
            "med": 65.92150000000001,
            "max": 402.395,
            "p(90)": 177.0065,
            "p(95)": 203.32724999999996,
            "avg": 82.9555847613221,
            "min": 6.768,
            "thresholds": {
                "p(95)<500": false
            }
        },
        "data_sent": {
            "count": 2568648,
            "rate": 42656.61907225065
        },
        "http_req_blocked": {
            "med": 0.004,
            "max": 11.376,
            "p(90)": 0.006,
            "p(95)": 0.007,
            "avg": 0.013917992656058592,
            "min": 0
        },
        "http_req_tls_handshaking": {
            "avg": 0,
            "min": 0,
            "med": 0,
            "max": 0,
            "p(90)": 0,
            "p(95)": 0
        },
        "vus_max": {
            "value": 20,
            "min": 20,
            "max": 20
        },
        "http_reqs": {
            "count": 6536,
            "rate": 108.54101545101948
        },
        "http_req_duration{expected_response:true}": {
            "avg": 82.9555847613221,
            "min": 6.768,
            "med": 65.92150000000001,
            "max": 402.395,
            "p(90)": 177.0065,
            "p(95)": 203.32724999999996
        },
        "http_req_receiving": {
            "min": 0.008,
            "med": 0.7845,
            "max": 80.516,
            "p(90)": 4.259,
            "p(95)": 7.814249999999989,
            "avg": 1.9256171970624216
        },
        "vus": {
            "value": 20,
            "min": 20,
            "max": 20
        }
    }
}